Insert into TBLSAUDITTYPE (AUDITTYPEID,NAME,ALIAS,ISSYSTEMGENERATED) values ('AT001','Create','CREATE','Y');
Insert into TBLSAUDITTYPE (AUDITTYPEID,NAME,ALIAS,ISSYSTEMGENERATED) values ('AT002','Update','UPDATE','Y');
Insert into TBLSAUDITTYPE (AUDITTYPEID,NAME,ALIAS,ISSYSTEMGENERATED) values ('AT003','Delete','DELETE','Y');

Insert into TBLSENCRYPTIONTYPE (ENCRYPTIONTYPEID,NAME,ALIAS) values ('ENT01','None','NONE');
Insert into TBLSENCRYPTIONTYPE (ENCRYPTIONTYPEID,NAME,ALIAS) values ('ENT02','Unix Crypt','UNIX_CRYPT');
Insert into TBLSENCRYPTIONTYPE (ENCRYPTIONTYPEID,NAME,ALIAS) values ('ENT03','Elite Crypt','ELITE_CRYPT');
Insert into TBLSENCRYPTIONTYPE (ENCRYPTIONTYPEID,NAME,ALIAS) values ('ENT00','Default','DEFAULT');
Insert into TBLSENCRYPTIONTYPE (ENCRYPTIONTYPEID,NAME,ALIAS) values ('ENT04','MD5 Crypt','MD5');

Insert into TBLSEXECUTIONSTATUS (EXECUTIONSTATUSID,NAME,ALIAS,DESCRIPTION,SYSTEMGENERATED) values ('EXS00','Default','DEFAULT','Default','Y');
Insert into TBLSEXECUTIONSTATUS (EXECUTIONSTATUSID,NAME,ALIAS,DESCRIPTION,SYSTEMGENERATED) values ('EXS01','Not Started','NOT_STARTED','Execution not started yet','N');
Insert into TBLSEXECUTIONSTATUS (EXECUTIONSTATUSID,NAME,ALIAS,DESCRIPTION,SYSTEMGENERATED) values ('EXS02','In Progress','IN_PROGRESS','Execution started and is in progress','N');
Insert into TBLSEXECUTIONSTATUS (EXECUTIONSTATUSID,NAME,ALIAS,DESCRIPTION,SYSTEMGENERATED) values ('EXS03','Completed Successfully','COMPLETED_SUCCESSFULLY','Execution completed successfully','N');
Insert into TBLSEXECUTIONSTATUS (EXECUTIONSTATUSID,NAME,ALIAS,DESCRIPTION,SYSTEMGENERATED) values ('EXS07','Stopped On User Request','STOPPED_ON_USER_REQUEST','Stopped execution on user request','N');
Insert into TBLSEXECUTIONSTATUS (EXECUTIONSTATUSID,NAME,ALIAS,DESCRIPTION,SYSTEMGENERATED) values ('EXS06','Rescheduled','RE_SCHEDULED','Rescheduled','N');
Insert into TBLSEXECUTIONSTATUS (EXECUTIONSTATUSID,NAME,ALIAS,DESCRIPTION,SYSTEMGENERATED) values ('EXS05','Expired','EXPIRED','Execution expired','N');
Insert into TBLSEXECUTIONSTATUS (EXECUTIONSTATUSID,NAME,ALIAS,DESCRIPTION,SYSTEMGENERATED) values ('EXS04','Completed With Errors','COMPLETED_WITH_ERROR','Execution completed with errors','N');
Insert into TBLSEXECUTIONSTATUS (EXECUTIONSTATUSID,NAME,ALIAS,DESCRIPTION,SYSTEMGENERATED) values ('EXS08','Stop In Progress','STOP_IN_PROGRESS','Process stopped in progress','N');

Insert into TBLSEXECUTIONTYPE (EXECUTIONTYPEID,NAME,ALIAS,DESCRIPTION,SYSTEMGENERATED) values ('EXT00','Default','DEFAULT','Default','Y');
Insert into TBLSEXECUTIONTYPE (EXECUTIONTYPEID,NAME,ALIAS,DESCRIPTION,SYSTEMGENERATED) values ('DEL00','Deleted','DELETED','Deleted','Y');
Insert into TBLSEXECUTIONTYPE (EXECUTIONTYPEID,NAME,ALIAS,DESCRIPTION,SYSTEMGENERATED) values ('EXT01','Manual','MANUAL_EXECUTION','Manual Execution','N');
Insert into TBLSEXECUTIONTYPE (EXECUTIONTYPEID,NAME,ALIAS,DESCRIPTION,SYSTEMGENERATED) values ('EXT02','Automatic','AUTOMATIC_EXECUTION','Automatic Execution','N');
Insert into TBLSEXECUTIONTYPE (EXECUTIONTYPEID,NAME,ALIAS,DESCRIPTION,SYSTEMGENERATED) values ('EXT03','Retry','RETRY_EXECUTION','Retry Execution','N');

Insert into TBLSINVENTORYSTATUS (INVENTORYSTATUSID,NAME,SYSTEMGENERATED,ALIAS,DESCRIPTION) values (1,'New','N','NEW','New');
Insert into TBLSINVENTORYSTATUS (INVENTORYSTATUSID,NAME,SYSTEMGENERATED,ALIAS,DESCRIPTION) values (2,'Available','N','AVAILABLE','Available');
Insert into TBLSINVENTORYSTATUS (INVENTORYSTATUSID,NAME,SYSTEMGENERATED,ALIAS,DESCRIPTION) values (3,'Reserved','N','RESERVED','Reserved');
Insert into TBLSINVENTORYSTATUS (INVENTORYSTATUSID,NAME,SYSTEMGENERATED,ALIAS,DESCRIPTION) values (4,'In Use','N','IN_USE','Allocated / In-Use ');
Insert into TBLSINVENTORYSTATUS (INVENTORYSTATUSID,NAME,SYSTEMGENERATED,ALIAS,DESCRIPTION) values (5,'Delivered','N','DELIVERED','Delivered');
Insert into TBLSINVENTORYSTATUS (INVENTORYSTATUSID,NAME,SYSTEMGENERATED,ALIAS,DESCRIPTION) values (6,'Faulty','N','FAULTY','Faulty');
Insert into TBLSINVENTORYSTATUS (INVENTORYSTATUSID,NAME,SYSTEMGENERATED,ALIAS,DESCRIPTION) values (9,'Scrapped','N','SCRAPPED','Scrapped');
Insert into TBLSINVENTORYSTATUS (INVENTORYSTATUSID,NAME,SYSTEMGENERATED,ALIAS,DESCRIPTION) values (10,'Void','N','VOID','Void');
Insert into TBLSINVENTORYSTATUS (INVENTORYSTATUSID,NAME,SYSTEMGENERATED,ALIAS,DESCRIPTION) values (-1,'Failed','N','FAILED','Failed');
Insert into TBLSINVENTORYSTATUS (INVENTORYSTATUSID,NAME,SYSTEMGENERATED,ALIAS,DESCRIPTION) values (7,'Released','N','RELEASED','Recovered/ Released');
Insert into TBLSINVENTORYSTATUS (INVENTORYSTATUSID,NAME,SYSTEMGENERATED,ALIAS,DESCRIPTION) values (8,'Repaired','N','REPAIRED','Repaired');

Insert into TBLSINVSTATUSTRANSITION (STATUSTRANSITIONID,STATUSID,ALLOWEDSTATUSID) values (501,2,3);
Insert into TBLSINVSTATUSTRANSITION (STATUSTRANSITIONID,STATUSID,ALLOWEDSTATUSID) values (502,2,6);
Insert into TBLSINVSTATUSTRANSITION (STATUSTRANSITIONID,STATUSID,ALLOWEDSTATUSID) values (503,3,2);
Insert into TBLSINVSTATUSTRANSITION (STATUSTRANSITIONID,STATUSID,ALLOWEDSTATUSID) values (504,3,4);
Insert into TBLSINVSTATUSTRANSITION (STATUSTRANSITIONID,STATUSID,ALLOWEDSTATUSID) values (505,3,5);
Insert into TBLSINVSTATUSTRANSITION (STATUSTRANSITIONID,STATUSID,ALLOWEDSTATUSID) values (506,3,6);
Insert into TBLSINVSTATUSTRANSITION (STATUSTRANSITIONID,STATUSID,ALLOWEDSTATUSID) values (507,5,2);
Insert into TBLSINVSTATUSTRANSITION (STATUSTRANSITIONID,STATUSID,ALLOWEDSTATUSID) values (508,5,4);
Insert into TBLSINVSTATUSTRANSITION (STATUSTRANSITIONID,STATUSID,ALLOWEDSTATUSID) values (509,5,6);
Insert into TBLSINVSTATUSTRANSITION (STATUSTRANSITIONID,STATUSID,ALLOWEDSTATUSID) values (510,6,8);
Insert into TBLSINVSTATUSTRANSITION (STATUSTRANSITIONID,STATUSID,ALLOWEDSTATUSID) values (511,6,9);
Insert into TBLSINVSTATUSTRANSITION (STATUSTRANSITIONID,STATUSID,ALLOWEDSTATUSID) values (512,7,6);
Insert into TBLSINVSTATUSTRANSITION (STATUSTRANSITIONID,STATUSID,ALLOWEDSTATUSID) values (513,8,4);
Insert into TBLSINVSTATUSTRANSITION (STATUSTRANSITIONID,STATUSID,ALLOWEDSTATUSID) values (514,8,5);
Insert into TBLSINVSTATUSTRANSITION (STATUSTRANSITIONID,STATUSID,ALLOWEDSTATUSID) values (515,8,9);
Insert into TBLSINVSTATUSTRANSITION (STATUSTRANSITIONID,STATUSID,ALLOWEDSTATUSID) values (516,1,2);


Insert into TBLSPARAMETERTYPE (PARAMETERTYPEID,NAME,ALIAS,DESCRIPTION,SYSTEMGENERATED) values ('4','ListBox','LISTBOX_TYPE',null,'N');
Insert into TBLSPARAMETERTYPE (PARAMETERTYPEID,NAME,ALIAS,DESCRIPTION,SYSTEMGENERATED) values ('5','DoubleBox','DOUBLEBOX_TYPE',null,'N');
Insert into TBLSPARAMETERTYPE (PARAMETERTYPEID,NAME,ALIAS,DESCRIPTION,SYSTEMGENERATED) values ('3','ComboBox','COMBOBOX_TYPE',null,'N');
Insert into TBLSPARAMETERTYPE (PARAMETERTYPEID,NAME,ALIAS,DESCRIPTION,SYSTEMGENERATED) values ('1','TextBox','TEXTBOX_TYPE',null,'N');
Insert into TBLSPARAMETERTYPE (PARAMETERTYPEID,NAME,ALIAS,DESCRIPTION,SYSTEMGENERATED) values ('2','DateBox','DATEBOX_TYPE',null,'N');

Insert into TBLSRESOURCECATEGORY (RESOURCECATEGORYID,NAME,SYSTEMGENERATED,ALIAS,DESCRIPTION) values (100,'CPE','N','CPE','CATEGORY1');
Insert into TBLSRESOURCECATEGORY (RESOURCECATEGORYID,NAME,SYSTEMGENERATED,ALIAS,DESCRIPTION) values (101,'Voucher','N','VOUCHER','CATEGORY2');

Insert into TBLSSYSPRMCUSTOMFIELDTYPE (CUSTOMFIELDTYPEID,NAME,ALIAS,DESCRIPTION) values ('CFT01','Text Field','TEXTFIELD','Single line text box to allow simple text input');
Insert into TBLSSYSPRMCUSTOMFIELDTYPE (CUSTOMFIELDTYPEID,NAME,ALIAS,DESCRIPTION) values ('CFT02','Combo Field','COMBOFIELD','Drop down to allow input from one of the item');
Insert into TBLSSYSPRMCUSTOMFIELDTYPE (CUSTOMFIELDTYPEID,NAME,ALIAS,DESCRIPTION) values ('CFT03','Sql Combo Field','SQLCOMBOFIELD','Drop down to allow input from one of item');
Insert into TBLSSYSPRMCUSTOMFIELDTYPE (CUSTOMFIELDTYPEID,NAME,ALIAS,DESCRIPTION) values ('CFT04','Date Field','DATEFIELD','Date field for date inputs');

Insert into TBLSWAREHOUSETYPE (WAREHOUSETYPEID,NAME,SYSTEMGENERATED,ALIAS,DESCRIPTION,REASON,CREATEDBYSTAFFID,CREATEDATE,LASTMODIFIEDDATEBYSTAFFID,LASTMODIFIEDDATE) values (TBLSWAREHOUSETYPE_SEQ.nextval,'Central','Y','CENTRAL','test',null,'STF0001',to_date('15-OCT-14','DD-MON-RR'),'STF0001',to_date('15-OCT-14','DD-MON-RR'));

Insert into TBLMSYSTEMPARAMETERGROUP (SYSTEMPARAMETERGROUPID,NAME,ALIAS,DESCRIPTION,ISVISIBLE) values (1,'General','GENERAL','General System Parameter','Y');

Insert into TBLISYSTEMMODULES (MODULEID,NAME,SEQUENCENUMBER,ALIAS,DESCRIPTION,PANEL) values (3,'Audit Management',4,'AUDIT_MANAGEMENT','Audit Management','USER');
Insert into TBLISYSTEMMODULES (MODULEID,NAME,SEQUENCENUMBER,ALIAS,DESCRIPTION,PANEL) values (4,'Agent Management',5,'AGENT_MANAGEMENT','Agent Management','USER');
Insert into TBLISYSTEMMODULES (MODULEID,NAME,SEQUENCENUMBER,ALIAS,DESCRIPTION,PANEL) values (1,'Inventory',3,'INVENTORY','Inventory','USER');
Insert into TBLISYSTEMMODULES (MODULEID,NAME,SEQUENCENUMBER,ALIAS,DESCRIPTION,PANEL) values (2,'System Configuration',6,'SYSTEM_CONFIGURATION','System Configuration','USER');
Insert into TBLISYSTEMMODULES (MODULEID,NAME,SEQUENCENUMBER,ALIAS,DESCRIPTION,PANEL) values (5,'Resource',1,'RESOURCE_MANAGEMENT','Resource Management','USER');
Insert into TBLISYSTEMMODULES (MODULEID,NAME,SEQUENCENUMBER,ALIAS,DESCRIPTION,PANEL) values (6,'Warehouse',2,'WAREHOUSE_MANAGEMENT','Warehouse Management','USER');


Insert into TBLMAGENT (AGENTID,NAME,DESCRIPTION,IMPLCLASS,EXECUTIONTYPEID,EXEPERIODINMIN,PRIORITY,ISPARAMETERREQUIRED,COMMONSTATUSID,ISVISIBLE,ISACTIVE,CREATEDATE,CREATEDBY,LASTMODIDATE,LASTMODIBY,LASTEXETIME,ISSCHEDULABLE) values ('AGT01','Inventory Upload Agent','This is Inventory Upload agent. Primary role of this agent is to upload Inventory. ','com.elitecore.cpe.bl.agents.customs.InventoryUploadAgent','EXT01',1440,4,'N',null,'Y','Y',to_timestamp('18-SEP-14 11.31.22.699000000 AM','DD-MON-RR HH.MI.SS.FF AM'),'STF0001',to_timestamp('18-SEP-14 11.31.30.342000000 AM','DD-MON-RR HH.MI.SS.FF AM'),'STF0001',to_timestamp('16-OCT-14 10.43.08.676000000 AM','DD-MON-RR HH.MI.SS.FF AM'),'Y');
Insert into TBLMAGENT (AGENTID,NAME,DESCRIPTION,IMPLCLASS,EXECUTIONTYPEID,EXEPERIODINMIN,PRIORITY,ISPARAMETERREQUIRED,COMMONSTATUSID,ISVISIBLE,ISACTIVE,CREATEDATE,CREATEDBY,LASTMODIDATE,LASTMODIBY,LASTEXETIME,ISSCHEDULABLE) values ('AGT02','Threshold Notification Agent','This is Threshold Notification Agent. Primary role of this agent is to send notification to warehouse owner. ','com.elitecore.cpe.bl.agents.customs.ThresholdNotificationAgent','EXT01',1440,4,'N',null,'Y','Y',to_timestamp('18-SEP-14 11.31.22.699000000 AM','DD-MON-RR HH.MI.SS.FF AM'),'STF0001',to_timestamp('18-SEP-14 11.31.30.342000000 AM','DD-MON-RR HH.MI.SS.FF AM'),'STF0001',to_timestamp('07-OCT-14 06.22.31.551000000 PM','DD-MON-RR HH.MI.SS.FF AM'),'Y');

Insert into TBLMAGENTCONFIG (AGENTID,ARMECONCURRENCYLIMIT,ARECONCURRENCYLIMIT,PARMECHUNKSIZE,ARMECHUNKSIZELIMIT,PARECHUNKSIZE,ARECHUNKSIZELIMIT,OVERRULEAMECHUNKSIZE,OVERRULEAECHUNKSIZE,REASON) values ('AGT01',2,50,-1,2,-1,100,'Y','Y','Running Inventory Upload Agent');
Insert into TBLMAGENTCONFIG (AGENTID,ARMECONCURRENCYLIMIT,ARECONCURRENCYLIMIT,PARMECHUNKSIZE,ARMECHUNKSIZELIMIT,PARECHUNKSIZE,ARECHUNKSIZELIMIT,OVERRULEAMECHUNKSIZE,OVERRULEAECHUNKSIZE,REASON) values ('AGT02',2,50,-1,2,-1,100,'Y','Y','Running Threshold Notification Agent');


Insert into TBLMCONSTRAINTEXPRESSION (CONSTRAINTEXPRESSIONID,NAME,DESCRIPTION,REGEX) values ('REG09','File Path CSV','File Path CSV','^(([a-zA-Z]:)|(\\{2}\w+)\$?)(\\(\w[\w ]*))+\.(csv|CSV)$');
Insert into TBLMCONSTRAINTEXPRESSION (CONSTRAINTEXPRESSIONID,NAME,DESCRIPTION,REGEX) values ('REG00','text and number','text and number both are valid','^[a-zA-Z0-9 .,&]*$');
Insert into TBLMCONSTRAINTEXPRESSION (CONSTRAINTEXPRESSIONID,NAME,DESCRIPTION,REGEX) values ('REG01','text','text check  uppercase or lowercase alphabetic','^[A-Za-z .,&]*$');
Insert into TBLMCONSTRAINTEXPRESSION (CONSTRAINTEXPRESSIONID,NAME,DESCRIPTION,REGEX) values ('REG02','Number','digit check 0 to 9','[0-9]+(\.[0-9]{1,2})?$');
Insert into TBLMCONSTRAINTEXPRESSION (CONSTRAINTEXPRESSIONID,NAME,DESCRIPTION,REGEX) values ('REG03','EmailID','email address check','^[A-Za-z0-9-]+(\.[A-Za-z0-9-]+)*@[A-Za-z0-9]+(\.[A-Za-z0-9]+)*(\.[A-Za-z]{2,})$');
Insert into TBLMCONSTRAINTEXPRESSION (CONSTRAINTEXPRESSIONID,NAME,DESCRIPTION,REGEX) values ('REG04','percentage','percentage','^(100(\.0{0,2})?|([0-9]?[0-9]?(\.[0-9]{0,2})?))$');
Insert into TBLMCONSTRAINTEXPRESSION (CONSTRAINTEXPRESSIONID,NAME,DESCRIPTION,REGEX) values ('REG06','Latitude null check','Latitude null check','^((360(\-0{0,2}\-0{0,2}){1}|(([0-2]?[0-9]{1,2}|[3]?([0-5][0-9]?){1})(\-([6][0]?|[0-5]?[0-9]?){0,1}\-([0-5]?[0-9]?){0,1})?)))$');
Insert into TBLMCONSTRAINTEXPRESSION (CONSTRAINTEXPRESSIONID,NAME,DESCRIPTION,REGEX) values ('REG05','All Type','All Type','^[^`]*$');
Insert into TBLMCONSTRAINTEXPRESSION (CONSTRAINTEXPRESSIONID,NAME,DESCRIPTION,REGEX) values ('REG07','Indentifier Regex','Identifier Regex','^[a-zA-Z0-9 -.&/\\[\\]\\(\\)\\{\\}]*$');
Insert into TBLMCONSTRAINTEXPRESSION (CONSTRAINTEXPRESSIONID,NAME,DESCRIPTION,REGEX) values ('REG08','Integer Number','Integer Number','^0*[0-9][0-9]*$');



Insert into TBLMSYSTEMPARAMETER (SYSTEMPARAMETERID,SYSTEMPARAMETERGROUPID,NAME,ALIAS,VALUE,VALUESOURCE,DESCRIPTION,ALLOWOVERRIDE,LASTMODIDATE,LASTMODIBY,ISVISIBLE,CUSTOMFIELDTYPEID,CONSTRAINTEXPRESSIONID) values (1,1,'Date Format','DEFAULT_DATE','MMM-dd-yyyy',null,'Date Format','Y',to_timestamp('07-APR-14 04.10.50.000000000 PM','DD-MON-RR HH.MI.SS.FF AM'),'STF0001','Y','CFT01','REG05');
Insert into TBLMSYSTEMPARAMETER (SYSTEMPARAMETERID,SYSTEMPARAMETERGROUPID,NAME,ALIAS,VALUE,VALUESOURCE,DESCRIPTION,ALLOWOVERRIDE,LASTMODIDATE,LASTMODIBY,ISVISIBLE,CUSTOMFIELDTYPEID,CONSTRAINTEXPRESSIONID) values (2,1,'Date Time Format','DEFAULT_DATE_TIME','dd-MMM-yyyy HH:mm:ss',null,'Date Time Format','Y',to_timestamp('07-APR-14 04.10.50.000000000 PM','DD-MON-RR HH.MI.SS.FF AM'),'STF0001','Y','CFT01','REG05');
Insert into TBLMSYSTEMPARAMETER (SYSTEMPARAMETERID,SYSTEMPARAMETERGROUPID,NAME,ALIAS,VALUE,VALUESOURCE,DESCRIPTION,ALLOWOVERRIDE,LASTMODIDATE,LASTMODIBY,ISVISIBLE,CUSTOMFIELDTYPEID,CONSTRAINTEXPRESSIONID) values (3,1,'Page Size','DEFAULT_PAGE_SIZE','10',null,'Default Page Size','Y',to_timestamp('07-APR-14 04.10.50.000000000 PM','DD-MON-RR HH.MI.SS.FF AM'),'STF0001','Y','CFT01','REG02');
Insert into TBLMSYSTEMPARAMETER (SYSTEMPARAMETERID,SYSTEMPARAMETERGROUPID,NAME,ALIAS,VALUE,VALUESOURCE,DESCRIPTION,ALLOWOVERRIDE,LASTMODIDATE,LASTMODIBY,ISVISIBLE,CUSTOMFIELDTYPEID,CONSTRAINTEXPRESSIONID) values (4,1,'Upload Inventory Source FilePath','UPLOAD_INVENTORY_SOURCE_PATH','//opt/crestelcpesetup/Upload_CSV',null,'Upload Inventory Source FilePath','Y',to_timestamp('07-APR-14 04.10.50.000000000 PM','DD-MON-RR HH.MI.SS.FF AM'),'STF0001','Y','CFT01','REG05');
Insert into TBLMSYSTEMPARAMETER (SYSTEMPARAMETERID,SYSTEMPARAMETERGROUPID,NAME,ALIAS,VALUE,VALUESOURCE,DESCRIPTION,ALLOWOVERRIDE,LASTMODIDATE,LASTMODIBY,ISVISIBLE,CUSTOMFIELDTYPEID,CONSTRAINTEXPRESSIONID) values (5,1,'Upload Inventory Destination Path','UPLOAD_INVENTORY_DESTINATION_PATH','/opt/crestelcpesetup/Result_CSV',null,'Upload Inventory Destination FilePath','Y',to_timestamp('23-SEP-14 11.28.36.850509000 AM','DD-MON-RR HH.MI.SS.FF AM'),'STF0001','Y','CFT01','REG05');
Insert into TBLMSYSTEMPARAMETER (SYSTEMPARAMETERID,SYSTEMPARAMETERGROUPID,NAME,ALIAS,VALUE,VALUESOURCE,DESCRIPTION,ALLOWOVERRIDE,LASTMODIDATE,LASTMODIBY,ISVISIBLE,CUSTOMFIELDTYPEID,CONSTRAINTEXPRESSIONID) values (6,1,'Inventory Upload Status','AUTOMATIC_INVENTORY_UPLOAD','Automatic','Automatic,Default','Automatic : Inventory upload with AVAILABLE status if Resource created in PLM
Default : Inventory upload with NEW status','Y',to_timestamp('23-SEP-14 11.28.36.850509000 AM','DD-MON-RR HH.MI.SS.FF AM'),'STF0001','Y','CFT02','REG05');
Insert into TBLMSYSTEMPARAMETER (SYSTEMPARAMETERID,SYSTEMPARAMETERGROUPID,NAME,ALIAS,VALUE,VALUESOURCE,DESCRIPTION,ALLOWOVERRIDE,LASTMODIDATE,LASTMODIBY,ISVISIBLE,CUSTOMFIELDTYPEID,CONSTRAINTEXPRESSIONID) values (7,1,'Web Service Audit','WS_AUDIT','No','Yes,No','Web Service Audit','Y',to_timestamp('23-SEP-14 11.28.36.850509000 AM','DD-MON-RR HH.MI.SS.FF AM'),'STF0001','Y','CFT02','REG05');




Insert into TBLMWAREHOUSE (WAREHOUSEID,NAME,ALIAS,DESCRIPTION,CREATEDATE,CREATEDBYSTAFFID,LASTMODIFIEDDATE,LASTMODIFIEDDATEBYSTAFFID,SYSTEMGENERATED,EDITABLE,LOCATION,PARENTWAREHOUSEID,REASON,WAREHOUSETYPEID,OWNER,CONTACTNO,EMAILID) values (TBLMWAREHOUSE_SEQ.nextval,'Central','CENTRAL','avsd',to_date('04-SEP-14','DD-MON-RR'),'STF0001',to_date('04-SEP-14','DD-MON-RR'),'STF0001','N','N','Surat',null,null,(select WAREHOUSETYPEID from TBLSWAREHOUSETYPE where name ='Central'),null,null,'kapasiyash@gmail.com');

Insert into TBLMPRIMARYKEY (PRIMARYKEYID,ALIAS,PREFIX,LENGTH,POSTFIX,CURRENTVALUE) values (TBLMPRIMARYKEY_SEQ.nextval,'RESOURCE_DATA','RES',10,null,1);
Insert into TBLMPRIMARYKEY (PRIMARYKEYID,ALIAS,PREFIX,LENGTH,POSTFIX,CURRENTVALUE) values (TBLMPRIMARYKEY_SEQ.nextval,'RESERVE_DATA','RS',9,null,1);
Insert into TBLMPRIMARYKEY (PRIMARYKEYID,ALIAS,PREFIX,LENGTH,POSTFIX,CURRENTVALUE) values (TBLMPRIMARYKEY_SEQ.nextval,'TRANSFERORDER_DATA','TI',10,null,1);

Insert into TBLMATTRIBUTE (ATTRIBUTEID,NAME,ATTRIBUTEREL,CREATEDATE,CREATEDBYSTAFFID,LASTMODIFIEDDATE,LASTMODIFIEDDATEBYSTAFFID,SYSTEMGENERATED,DATATYPE,SOURCEVALUE,MANDATORY,REASON,ISUNIQUE) values (TBLMATTRIBUTE_SEQ.nextval,'Serial Number','Resource',to_date('04-SEP-14','DD-MON-RR'),'STF0001',to_date('16-OCT-14','DD-MON-RR'),'STF0001','N','String',null,'Y','test','N');

commit;











