<?xml version="1.0" encoding="UTF-8"?>
<!DOCTYPE server
    PUBLIC "-//JBoss//DTD MBean Service 3.2//EN"
    "http://www.jboss.org/j2ee/dtd/jboss-service_3_2.dtd">

<server>
<mbean code="com.elitecore.services.ServerTimeSynchCheck" name="ServerSynchCheck:name=ServerSynchCheck">

    <!-- Following attritbute defines the application list to be undeployed if the database server time and jboss server 
    	 is not in synch. You can define multiple application names separated with comma (,) -->	
    <attribute name="AppNames">billing.ear, elite-agent-service.sar, ProvisioningService.sar, licensing-service.sar</attribute>
    
    <!-- Following attribute defines the time difference between database server and jboss server to be checked. 
     	 Specify the time in seconds. By default is 300 seconds ( 5 min). If the time difference between dabase 
     	 and jboss is more than 5 min then above specified applications will be undeployed. -->
    <attribute name="TimeDiff">300</attribute>
    
    <!-- Following attribute defines whether to undeploy the applications if the JBoss and database server time
    is not in synch -->
    <attribute name="UndeployFlag">true</attribute>
</mbean>

<mbean code="javax.management.timer.Timer" name="jboss:service=Timer"/>

<mbean code="org.jboss.varia.scheduler.Scheduler" name=":service=Scheduler">
    <attribute name="StartAtStartup">true</attribute>
    <attribute name="SchedulableMBean">ServerSynchCheck:name=ServerSynchCheck</attribute>
    <attribute name="SchedulableMBeanMethod">doServerTimeSynch</attribute>
    <attribute name="InitialStartDate">NOW</attribute>
    
    <!-- This attribute defines the time period at which check for time synchronization between jboss and database will
         be done. This time is defined in milliseconds.  -->
    <attribute name="SchedulePeriod">600000</attribute>
    <attribute name="InitialRepetitions">-1</attribute>
</mbean>

</server>

